{"train_time": 1.8569858074188232, "test_auc": 0.7462365591397849, "test_time": 0.00486445426940918}