{"train_time": 1.1689417362213135, "test_auc": 0.7283154121863799, "test_time": 0.0032896995544433594, "test_scores": [[0, 0, 4.023306846618652], [1, 0, 6.536435127258301], [2, 0, 7.575453758239746], [3, 0, 3.8067615032196045], [4, 0, 3.5452136993408203], [5, 0, 5.818401336669922], [6, 0, 3.850088119506836], [7, 0, 6.948171615600586], [8, 0, 4.266694068908691], [9, 0, 4.466639518737793], [10, 0, 4.300785541534424], [11, 0, 4.032175540924072], [12, 0, 4.1973161697387695], [13, 0, 5.521401405334473], [14, 0, 5.2316718101501465], [15, 0, 5.783762454986572], [16, 0, 8.47719955444336], [17, 0, 6.545612335205078], [18, 0, 5.7206597328186035], [19, 0, 4.427563667297363], [20, 0, 5.693821430206299], [21, 0, 5.838665962219238], [22, 0, 5.280930042266846], [23, 0, 5.660455703735352], [24, 0, 5.247617721557617], [25, 0, 6.206017017364502], [26, 0, 4.181721210479736], [27, 0, 7.3716230392456055], [28, 0, 4.585536003112793], [29, 0, 4.848275661468506], [30, 0, 8.936022758483887], [31, 0, 3.235517740249634], [32, 0, 6.123505592346191], [33, 0, 6.543962478637695], [34, 0, 3.9271039962768555], [35, 0, 4.349055290222168], [36, 0, 6.069092750549316], [37, 0, 65.3857650756836], [38, 0, 5.8586249351501465], [39, 0, 3.29372501373291], [40, 0, 4.946746826171875], [41, 0, 4.094112396240234], [42, 0, 343.01654052734375], [43, 0, 5.440738677978516], [44, 0, 4.086446285247803], [45, 0, 4.545422554016113], [46, 0, 4.932372093200684], [47, 0, 4.565916061401367], [48, 0, 4.247669696807861], [49, 0, 406.51727294921875], [50, 0, 701.527587890625], [51, 0, 2.448742151260376], [52, 0, 3.6364428997039795], [53, 0, 6.852764129638672], [54, 0, 3.4276113510131836], [55, 0, 3.6351277828216553], [56, 0, 4.999044418334961], [57, 0, 3.9411802291870117], [58, 0, 4.500133991241455], [59, 0, 9.132040023803711], [60, 0, 5.928971290588379], [61, 0, 3.381639003753662], [62, 0, 3.8950555324554443], [63, 0, 6.219045162200928], [64, 0, 4.673425674438477], [65, 0, 4.731084823608398], [66, 0, 7.486621379852295], [67, 0, 3.931863307952881], [68, 0, 6.181705474853516], [69, 0, 5.739211082458496], [70, 0, 5.7387213706970215], [71, 0, 5.1624956130981445], [72, 0, 3.462331771850586], [73, 0, 3.8961901664733887], [74, 0, 4.448330879211426], [75, 0, 4.297799110412598], [76, 0, 2.7653846740722656], [77, 0, 5.462001800537109], [78, 0, 9.09792709350586], [79, 0, 4.281118392944336], [80, 0, 5.616951942443848], [81, 0, 5.54410457611084], [82, 0, 6.431440830230713], [83, 0, 5.254148006439209], [84, 0, 4.674783229827881], [85, 0, 4.399197101593018], [86, 0, 2.9034056663513184], [87, 0, 6.834202289581299], [88, 0, 5.322470664978027], [89, 0, 6.239526748657227], [90, 0, 6.1446428298950195], [91, 0, 4.284670352935791], [92, 0, 4.712892055511475], [93, 0, 3148.8525390625], [94, 0, 5.159680366516113], [95, 0, 4.596976280212402], [96, 0, 8.851825714111328], [97, 0, 4.863741874694824], [98, 0, 4.295285224914551], [99, 0, 4.9370198249816895], [100, 0, 5.181271553039551], [101, 0, 3.0250844955444336], [102, 0, 8.417610168457031], [103, 0, 4.576864242553711], [104, 0, 5.136551380157471], [105, 0, 5.387107849121094], [106, 0, 6.141019821166992], [107, 0, 6.331992149353027], [108, 0, 5.9802093505859375], [109, 0, 4.709918022155762], [110, 0, 4.021612644195557], [111, 0, 7.309239864349365], [112, 0, 5.636608123779297], [113, 0, 3.62715482711792], [114, 0, 7.5216240882873535], [115, 0, 4.71690559387207], [116, 0, 7.633727550506592], [117, 0, 4.951810836791992], [118, 0, 4.392511367797852], [119, 0, 5.753164291381836], [120, 0, 3.6509804725646973], [121, 0, 4.761034965515137], [122, 0, 5.610517501831055], [123, 0, 5.114741325378418], [124, 0, 4.301093101501465], [125, 0, 3.2792820930480957], [126, 0, 7.169145584106445], [127, 0, 6.572092056274414], [128, 0, 6.849616050720215], [129, 0, 6.237582206726074], [130, 0, 4.776679515838623], [131, 0, 4.518359184265137], [132, 0, 8.428525924682617], [133, 0, 3.0307841300964355], [134, 0, 356.4008483886719], [135, 0, 5.209381103515625], [136, 0, 9.401208877563477], [137, 0, 5.276330947875977], [138, 0, 4.841887474060059], [139, 0, 6.958304405212402], [140, 0, 4.336511611938477], [141, 0, 4.637813091278076], [142, 0, 6.809038162231445], [143, 0, 5.736159324645996], [144, 0, 4.743319988250732], [145, 0, 6.5085906982421875], [146, 0, 6.304785251617432], [147, 0, 4.904675483703613], [148, 0, 5.75116491317749], [149, 0, 4.837045192718506], [150, 0, 4.322347640991211], [151, 0, 5.010387420654297], [152, 0, 4.938405990600586], [153, 0, 4.776181697845459], [154, 0, 5.852939605712891], [155, 1, 4.821012020111084], [156, 1, 5.133791923522949], [157, 1, 6.718766212463379], [158, 1, 158.38082885742188], [159, 1, 3.16092586517334], [160, 1, 6.058030128479004], [161, 1, 10.449335098266602], [162, 1, 8.070393562316895], [163, 1, 6.675073146820068], [164, 1, 7.183865547180176], [165, 1, 11.486496925354004], [166, 1, 395.92889404296875], [167, 1, 6.265955924987793], [168, 1, 33.638214111328125], [169, 1, 85.6484146118164], [170, 1, 3.9936769008636475], [171, 1, 7.358415603637695], [172, 1, 5.193395614624023], [173, 1, 102.84588623046875], [174, 1, 4.644892692565918], [175, 1, 5.526034832000732], [176, 1, 5.419098854064941], [177, 1, 6.5245771408081055], [178, 1, 4.84273624420166], [179, 1, 10.098462104797363], [180, 1, 7.947652816772461], [181, 1, 7.198869705200195]]}