{"train_time": 2150.4709696769714, "test_auc": 0.580968330875, "test_time": 7.841861248016357}